department_id,department_name
1,Services
2,Marketing
3,Training
4,Human Resources
5,Marketing
6,Services
7,Training
8,Research and Development
9,Support
10,Product Management
11,Accounting
12,Research and Development
13,Legal
14,Support
15,Business Development
16,Human Resources
17,Marketing
18,Marketing
19,Support
20,Human Resources
21,Business Development
22,Engineering
23,Human Resources
24,Support
25,Research and Development
26,Marketing
27,Marketing
28,Support
29,Research and Development
30,Legal
31,Services
32,Product Management
33,Product Management
34,Product Management
35,Human Resources
36,Support
37,Training
38,Accounting
39,Legal
40,Marketing
41,Sales
42,Business Development
43,Engineering
44,Support
45,Legal
46,Research and Development
47,Sales
48,Training
49,Sales
50,Research and Development
51,Engineering
52,Support
53,Engineering
54,Engineering
55,Training
56,Engineering
57,Support
58,Legal
59,Sales
60,Marketing
61,Support
62,Human Resources
63,Business Development
64,Training
65,Legal
66,Product Management
67,Marketing
68,Research and Development
69,Training
70,Sales
71,Legal
72,Business Development
73,Research and Development
74,Accounting
75,Accounting
76,Research and Development
77,Product Management
78,Engineering
79,Training
80,Accounting
81,Research and Development
82,Business Development
83,Engineering
84,Product Management
85,Marketing
86,Business Development
87,Training
88,Accounting
89,Business Development
90,Legal
91,Support
92,Human Resources
93,Engineering
94,Human Resources
95,Training
96,Engineering
97,Services
98,Services
99,Human Resources
100,Support
101,Marketing
102,Support
103,Legal
104,Sales
105,Services
106,Sales
107,Product Management
108,Services
109,Business Development
110,Legal
111,Marketing
112,Support
113,Product Management
114,Marketing
115,Engineering
116,Business Development
117,Engineering
118,Research and Development
119,Product Management
120,Accounting
121,Marketing
122,Human Resources
123,Product Management
124,Support
125,Support
126,Sales
127,Research and Development
128,Training
129,Product Management
130,Product Management
131,Legal
132,Accounting
133,Support
134,Training
135,Marketing
136,Support
137,Accounting
138,Support
139,Services
140,Accounting
141,Training
142,Product Management
143,Accounting
144,Legal
145,Research and Development
146,Business Development
147,Support
148,Legal
149,Accounting
150,Research and Development
151,Sales
152,Engineering
153,Human Resources
154,Services
155,Sales
156,Training
157,Legal
158,Business Development
159,Marketing
160,Marketing
161,Legal
162,Business Development
163,Accounting
164,Services
165,Accounting
166,Human Resources
167,Product Management
168,Support
169,Services
170,Accounting
171,Services
172,Accounting
173,Accounting
174,Support
175,Human Resources
176,Research and Development
177,Product Management
178,Product Management
179,Business Development
180,Research and Development
181,Research and Development
182,Training
183,Engineering
184,Business Development
185,Legal
186,Research and Development
187,Product Management
188,Legal
189,Research and Development
190,Services
191,Human Resources
192,Sales
193,Marketing
194,Engineering
195,Research and Development
196,Engineering
197,Training
198,Services
199,Training
200,Accounting
201,Support
202,Legal
203,Human Resources
204,Accounting
205,Business Development
206,Sales
207,Research and Development
208,Services
209,Sales
210,Research and Development
211,Legal
212,Sales
213,Human Resources
214,Support
215,Engineering
216,Product Management
217,Accounting
218,Services
219,Accounting
220,Sales
221,Product Management
222,Accounting
223,Training
224,Product Management
225,Human Resources
226,Human Resources
227,Research and Development
228,Engineering
229,Legal
230,Accounting
231,Business Development
232,Human Resources
233,Engineering
234,Marketing
235,Business Development
236,Training
237,Legal
238,Research and Development
239,Product Management
240,Engineering
241,Legal
242,Training
243,Legal
244,Services
245,Sales
246,Business Development
247,Training
248,Engineering
249,Accounting
250,Human Resources
251,Support
252,Business Development
253,Research and Development
254,Accounting
255,Marketing
256,Training
257,Business Development
258,Marketing
259,Services
260,Product Management
261,Product Management
262,Human Resources
263,Accounting
264,Business Development
265,Accounting
266,Research and Development
267,Product Management
268,Marketing
269,Marketing
270,Services
271,Human Resources
272,Sales
273,Services
274,Engineering
275,Support
276,Accounting
277,Marketing
278,Training
279,Engineering
280,Training
281,Legal
282,Support
283,Human Resources
284,Human Resources
285,Training
286,Engineering
287,Accounting
288,Training
289,Legal
290,Marketing
291,Accounting
292,Engineering
293,Support
294,Business Development
295,Services
296,Services
297,Engineering
298,Marketing
299,Accounting
300,Product Management
301,Human Resources
302,Training
303,Sales
304,Human Resources
305,Marketing
306,Accounting
307,Business Development
308,Marketing
309,Training
310,Research and Development
311,Accounting
312,Sales
313,Legal
314,Human Resources
315,Product Management
316,Accounting
317,Accounting
318,Support
319,Sales
320,Product Management
321,Marketing
322,Training
323,Legal
324,Product Management
325,Marketing
326,Accounting
327,Marketing
328,Product Management
329,Services
330,Research and Development
331,Research and Development
332,Human Resources
333,Engineering
334,Engineering
335,Accounting
336,Human Resources
337,Product Management
338,Sales
339,Legal
340,Legal
341,Sales
342,Services
343,Legal
344,Legal
345,Engineering
346,Sales
347,Training
348,Product Management
349,Human Resources
350,Engineering
351,Accounting
352,Accounting
353,Product Management
354,Training
355,Training
356,Business Development
357,Sales
358,Accounting
359,Services
360,Support
361,Support
362,Engineering
363,Support
364,Business Development
365,Training
366,Marketing
367,Engineering
368,Support
369,Product Management
370,Human Resources
371,Human Resources
372,Human Resources
373,Research and Development
374,Legal
375,Business Development
376,Research and Development
377,Research and Development
378,Support
379,Training
380,Sales
381,Accounting
382,Legal
383,Support
384,Accounting
385,Human Resources
386,Marketing
387,Support
388,Human Resources
389,Training
390,Legal
391,Research and Development
392,Legal
393,Research and Development
394,Research and Development
395,Business Development
396,Product Management
397,Business Development
398,Legal
399,Business Development
400,Engineering
401,Sales
402,Business Development
403,Support
404,Accounting
405,Research and Development
406,Research and Development
407,Support
408,Training
409,Support
410,Services
411,Training
412,Sales
413,Sales
414,Training
415,Legal
416,Training
417,Training
418,Business Development
419,Business Development
420,Research and Development
421,Support
422,Services
423,Research and Development
424,Training
425,Research and Development
426,Engineering
427,Training
428,Sales
429,Marketing
430,Business Development
431,Marketing
432,Training
433,Marketing
434,Engineering
435,Legal
436,Accounting
437,Training
438,Sales
439,Human Resources
440,Business Development
441,Marketing
442,Support
443,Research and Development
444,Services
445,Human Resources
446,Legal
447,Training
448,Legal
449,Legal
450,Research and Development
451,Engineering
452,Engineering
453,Human Resources
454,Legal
455,Business Development
456,Human Resources
457,Business Development
458,Marketing
459,Business Development
460,Human Resources
461,Human Resources
462,Support
463,Support
464,Product Management
465,Services
466,Product Management
467,Sales
468,Accounting
469,Training
470,Support
471,Legal
472,Legal
473,Services
474,Engineering
475,Accounting
476,Engineering
477,Legal
478,Support
479,Product Management
480,Research and Development
481,Research and Development
482,Human Resources
483,Product Management
484,Accounting
485,Research and Development
486,Sales
487,Services
488,Business Development
489,Engineering
490,Human Resources
491,Business Development
492,Engineering
493,Engineering
494,Support
495,Training
496,Engineering
497,Support
498,Accounting
499,Business Development
500,Human Resources
